,SimpleNN_cbow,DeepNN_cbow,SimpleNN_skipgram,DeepNN_skipgram,SimpleNN_tfidf,DeepNN_tfidf,SimpleNN_sbert,DeepNN_sbert
accuracy,0.32636363636363636,0.44363636363636366,0.47909090909090907,0.5318181818181819,0.5945454545454546,0.5554545454545454,0.7681818181818182,0.7672727272727272
precision,0.6062223163793973,0.5701386650176967,0.7536084357789845,0.6652286793835895,0.8195429422386108,0.6575984328902159,0.8618923593642879,0.8633801180179965
recall,0.3567530695770805,0.4761255115961801,0.5354706684856753,0.5818553888130968,0.689631650750341,0.597544338335607,0.830150068212824,0.8308321964529332
f1,0.40032761614938694,0.5075112531975112,0.5872810545577075,0.616836318329468,0.7416643761903785,0.6252519510575358,0.8448823446020514,0.8456908234485309
