,RandomForest_cbow,LogisticRegression_cbow,RandomForest_skipgram,LogisticRegression_skipgram,RandomForest_tfidf,LogisticRegression_tfidf,RandomForest_sbert,LogisticRegression_sbert
accuracy,0.5403846153846154,0.5753846153846154,0.5507692307692308,0.5903846153846154,0.015,0.03,0.8730769230769231,0.8642307692307692
precision,0.8295699552846573,0.8346606836058376,0.8551715640318475,0.8326458262918417,0.4695238095238095,0.4160756712480001,0.9470061391791703,0.9288739615921471
recall,0.5901280849734458,0.6510465479537645,0.5954389253358325,0.6825991877538269,0.06506024096385542,0.39759036144578314,0.9178381755701344,0.9303342705404561
f1,0.6812907321679702,0.7294423153753441,0.6962043999396761,0.7486761522335019,0.11101574670248994,0.40355045622973196,0.9312224691144727,0.9293483246352938
