,intra,inter
Priceperformance,1.0771884,1.1742196
Product,1.1173264,1.1642302
Speedeslimat,1.0453151,1.1731436
convenience,1.0431496,1.147039
fiyatperformans,0.93232816,1.324366
good -up,0.9982572,1.1546105
hızlıteslimat,0.9718993,1.3158839
iyipaketleme,0.9442339,1.323892
kaliteliürün,0.95946026,1.3276666
uygunfiyat,0.9415293,1.3200095
your quality,1.0430983,1.1412766
ürüngüzel,0.9701184,1.3262249
