,SimpleNN_cbow,DeepNN_cbow,SimpleNN_skipgram,DeepNN_skipgram
accuracy,0.3609090909090909,0.4536363636363636,0.48,0.5218181818181818
precision,0.6147345598763961,0.6158620981912242,0.6731853276517354,0.6691796465115853
recall,0.3894952251023192,0.47885402455661663,0.5381991814461119,0.5818553888130968
f1,0.4373862422883481,0.5119556169694709,0.590568869185484,0.6180614135154693
