,SimpleNN_cbow,DeepNN_cbow,SimpleNN_skipgram,DeepNN_skipgram,SimpleNN_tfidf,DeepNN_tfidf,SimpleNN_sbert,DeepNN_sbert
accuracy,0.5638461538461539,0.5984615384615385,0.6076923076923076,0.6303846153846154,0.5981818181818181,0.5954545454545455,0.6661538461538462,0.6680769230769231
precision,0.8063855932268896,0.8058328272943543,0.81527951983829,0.8163167896306778,0.8204072383056349,0.743751731565566,0.8351860232632524,0.8305893723945951
recall,0.6294907841299594,0.6579194001874414,0.6913464542330522,0.7032177444548579,0.6964529331514324,0.6821282401091404,0.7572633552014996,0.7572633552014996
f1,0.6973268476645422,0.7216754516020396,0.74631796287653,0.7545336268499393,0.7468367968642752,0.710707054642473,0.7930211703306558,0.7891268592956558
