,SimpleNN_cbow,DeepNN_cbow,SimpleNN_skipgram,DeepNN_skipgram,SimpleNN_tfidf,DeepNN_tfidf,SimpleNN_sbert,DeepNN_sbert
accuracy,0.5596153846153846,0.585,0.6042307692307692,0.6211538461538462,0.6388461538461538,0.6569230769230769,0.8615384615384616,0.86
precision,0.8023889780196375,0.8113102781681664,0.819012148944764,0.8189296162398727,0.8464203880670339,0.824133068467737,0.9266317740824549,0.9291323861152566
recall,0.6257419556388628,0.6457357075913777,0.6788503592627304,0.6904092471102781,0.718213058419244,0.725398313027179,0.9250234301780693,0.9197125898156826
f1,0.6977671898007293,0.7169405273870139,0.739284759717523,0.7466967549526181,0.774272189458815,0.7691360585932594,0.9257643882615639,0.9242744534788048
