,LogisticRegression_tfidf,RandomForest_tfidf
accuracy,0.018333333333333333,0.008333333333333333
precision,0.1323795019130433,0.13460992221975093
recall,0.09789029535864979,0.029535864978902954
f1,0.11165128089414587,0.04413436584311734
