,LogisticRegression_cbow,RandomForest_cbow,LogisticRegression_skipgram,RandomForest_skipgram,LogisticRegression_tfidf,RandomForest_tfidf,LogisticRegression_sbert,RandomForest_sbert
accuracy,0.16538461538461538,0.1803846153846154,0.18333333333333335,0.18435897435897433,0.011666666666666667,0.013333333333333334,0.2846153846153846,0.2906410256410256
precision,0.26501182237337567,0.276589455756596,0.2756951852063507,0.2867794707299638,0.128032247951455,0.1700000971526973,0.31060473224132923,0.31497580874233694
recall,0.19108611892117047,0.19618869103405187,0.20805998125585756,0.19920858065187963,0.0821256038647343,0.036231884057971016,0.3026137665312923,0.30636259502238883
f1,0.22009707155671254,0.22674838368440717,0.2360720552948771,0.2331664399030097,0.09935104470196117,0.05904510381123798,0.3065264063554984,0.3102891697275679
