Embedding,Model,Accuracy,Precision,Recall,F1
CBOW,NN,0.39115384615384613,0.5964986836444633,0.41237113402061853,0.472194876123408
CBOW,SVM,0.46076923076923076,0.8233999619820365,0.5135895032802249,0.6226337518140503
CBOW,RF,0.5061538461538462,0.7852961386291639,0.5473289597000938,0.6316715786657547
Skip-gram,NN,0.0,0.0,0.0,0.0
Skip-gram,SVM,0.0,0.0,0.0,0.0
Skip-gram,RF,0.0,0.0,0.0,0.0
SBERT,NN,0.0,0.0,0.0,0.0
SBERT,SVM,0.0,0.0,0.0,0.0
SBERT,RF,0.0,0.0,0.0,0.0
