,skipgram_SimpleNN,skipgram_DeepNN
accuracy,0.0,0.0
precision,0.004204587887986036,0.08608954483442886
recall,0.09754433833560709,0.3015006821282401
f1,0.008001873548592768,0.12964605595993425
