,SimpleNN,DeepNN
accuracy,0.6630769230769231,0.6665384615384615
precision,0.8375461991999226,0.8265195280209804
recall,0.7563261480787254,0.7472664792252421
f1,0.7923680266887353,0.7837901809790189
