,SimpleNN,DeepNN
accuracy,0.6163636363636363,0.6036363636363636
precision,0.8281421723065494,0.7564116940866037
recall,0.6950886766712142,0.6821282401091405
f1,0.74271239553201,0.7152144884587961
