,precision,recall,f1-score,support
0,0.375,0.34615384615384615,0.35999999999999993,78.0
1,0.45569620253164556,0.4675324675324675,0.4615384615384615,77.0
2,0.45263157894736844,0.5119047619047619,0.4804469273743016,84.0
3,0.4642857142857143,0.4588235294117647,0.4615384615384615,85.0
4,0.3389830508474576,0.21978021978021978,0.26666666666666666,91.0
micro avg,0.4241645244215938,0.39759036144578314,0.41044776119402987,415.0
macro avg,0.41731930932243716,0.40083896495661203,0.40603810342357827,415.0
weighted avg,0.4160756712480001,0.39759036144578314,0.40355045622973196,415.0
samples avg,0.39216666666666666,0.37583333333333335,0.35108333333333336,415.0
