,precision,recall,f1-score,support
0,0.4666666666666667,0.08974358974358974,0.15053763440860216,78.0
1,0.6666666666666666,0.025974025974025976,0.05,77.0
2,0.4444444444444444,0.09523809523809523,0.1568627450980392,84.0
3,0.2857142857142857,0.023529411764705882,0.043478260869565216,85.0
4,0.5,0.08791208791208792,0.14953271028037385,91.0
micro avg,0.4576271186440678,0.06506024096385542,0.11392405063291138,415.0
macro avg,0.47269841269841273,0.06447944212650095,0.11008227013131608,415.0
weighted avg,0.4695238095238095,0.06506024096385542,0.11101574670248994,415.0
samples avg,0.115,0.06833333333333333,0.08133333333333333,415.0
