,precision,recall,f1-score,support
0,0.46,0.2804878048780488,0.3484848484848485,82.0
1,0.4482758620689655,0.28888888888888886,0.35135135135135137,90.0
2,0.3835616438356164,0.36363636363636365,0.37333333333333335,77.0
3,0.2786885245901639,0.25757575757575757,0.2677165354330709,66.0
4,0.38596491228070173,0.275,0.32116788321167883,80.0
micro avg,0.3879598662207358,0.2936708860759494,0.33429394812680113,395.0
macro avg,0.3912981885550895,0.29311776299581177,0.3324107903628566,395.0
weighted avg,0.3971385057391299,0.2936708860759494,0.3349538426824376,395.0
samples avg,0.33666666666666667,0.2925,0.2905238095238095,395.0
